# File outputs are as follows! #,,,,,,
# OutputType, SourceAddress, TargetAddress, PacketSize, Timestamp, Write_Frequency#,
summary,Watch,Smartphone,13,1489780471197,15000,Fri 19:54:31
summary,Watch,Smartphone,6,1489780486201,15000,Fri 19:54:46
summary,Watch,Smartphone,3,1489780501204,15000,Fri 19:55:01
summary,Watch,Smartphone,10,1489780516206,15000,Fri 19:55:16
summary,Watch,Smartphone,87,1489780531208,15000,Fri 19:55:31
summary,Watch,Smartphone,2,1489780549953,15000,Fri 19:55:50
summary,Watch,Smartphone,2067,1489780564960,15000,Fri 19:56:05
summary,Watch,Smartphone,62,1489780579970,15000,Fri 19:56:20
summary,Watch,Smartphone,60,1489780594998,15000,Fri 19:56:35
summary,Watch,Smartphone,40,1489780610003,15000,Fri 19:56:50
summary,Watch,Smartphone,100,1489780625017,15000,Fri 19:57:05
summary,Watch,Smartphone,60,1489780640048,15000,Fri 19:57:20
summary,Watch,Smartphone,80,1489780655073,15000,Fri 19:57:35
summary,Watch,Smartphone,20,1489780670137,15000,Fri 19:57:50
summary,Watch,Smartphone,60,1489780685145,15000,Fri 19:58:05
summary,Watch,Smartphone,20,1489780700152,15000,Fri 19:58:20
summary,Watch,Smartphone,20,1489780716168,15000,Fri 19:58:36
summary,Watch,Smartphone,40,1489780731210,15000,Fri 19:58:51
summary,Watch,Smartphone,60,1489780746235,15000,Fri 19:59:06
summary,Watch,Smartphone,20,1489780761260,15000,Fri 19:59:21
summary,Watch,Smartphone,20,1489780776266,15000,Fri 19:59:36
summary,Watch,Smartphone,40,1489780791269,15000,Fri 19:59:51
summary,Watch,Smartphone,40,1489780806278,15000,Fri 20:00:06
summary,Watch,Smartphone,20,1489780826015,15000,Fri 20:00:26
summary,Watch,Smartphone,40,1489780843445,15000,Fri 20:00:43
summary,Watch,Smartphone,120,1489780858465,15000,Fri 20:00:58
summary,Watch,Smartphone,120,1489780879866,15000,Fri 20:01:20
summary,Watch,Smartphone,40,1489780894877,15000,Fri 20:01:35
summary,Watch,Smartphone,20,1489780909887,15000,Fri 20:01:50
summary,Watch,Smartphone,120,1489780933178,15000,Fri 20:02:13
summary,Watch,Smartphone,200,1489780954474,15000,Fri 20:02:34
summary,Watch,Smartphone,240,1489780978250,15000,Fri 20:02:58
summary,Watch,Smartphone,140,1489781003652,15000,Fri 20:03:24
summary,Watch,Smartphone,40,1489781026073,15000,Fri 20:03:46
summary,Watch,Smartphone,40,1489781043228,15000,Fri 20:04:03
summary,Watch,Smartphone,100,1489781070201,15000,Fri 20:04:30
summary,Watch,Smartphone,140,1489781093662,15000,Fri 20:04:54
summary,Watch,Smartphone,160,1489781112320,15000,Fri 20:05:12
summary,Watch,Smartphone,200,1489781131132,15000,Fri 20:05:31
summary,Watch,Smartphone,80,1489781153229,15000,Fri 20:05:53
summary,Watch,Smartphone,200,1489781178666,15000,Fri 20:06:19
summary,Watch,Smartphone,100,1489781195482,15000,Fri 20:06:35
summary,Watch,Smartphone,320,1489781213731,15000,Fri 20:06:54
summary,Watch,Smartphone,340,1489781233777,15000,Fri 20:07:14
summary,Watch,Smartphone,100,1489781250117,15000,Fri 20:07:30
summary,Watch,Smartphone,20,1489781266151,15000,Fri 20:07:46
summary,Watch,Smartphone,100,1489781284407,15000,Fri 20:08:04
summary,Watch,Smartphone,80,1489781307580,15000,Fri 20:08:28
summary,Watch,Smartphone,80,1489781332445,15000,Fri 20:08:52
summary,Watch,Smartphone,60,1489781359176,15000,Fri 20:09:19
summary,Watch,Smartphone,100,1489781376365,15000,Fri 20:09:36
summary,Watch,Smartphone,20,1489781396170,15000,Fri 20:09:56
summary,Watch,Smartphone,60,1489781419376,15000,Fri 20:10:19
summary,Watch,Smartphone,20,1489781443203,15000,Fri 20:10:43
summary,Watch,Smartphone,80,1489781468212,15000,Fri 20:11:08
summary,Watch,Smartphone,120,1489781487713,15000,Fri 20:11:28
summary,Watch,Smartphone,60,1489781515506,15000,Fri 20:11:56
summary,Watch,Smartphone,60,1489781540343,15000,Fri 20:12:20
summary,Watch,Smartphone,140,1489781562122,15000,Fri 20:12:42
summary,Watch,Smartphone,20,1489781577598,15000,Fri 20:12:58
summary,Watch,Smartphone,60,1489781599539,15000,Fri 20:13:20
summary,Watch,Smartphone,60,1489781627573,15000,Fri 20:13:48
summary,Watch,Smartphone,80,1489781646696,15000,Fri 20:14:07
summary,Watch,Smartphone,20,1489781666469,15000,Fri 20:14:26
summary,Watch,Smartphone,60,1489781685348,15000,Fri 20:14:45
summary,Watch,Smartphone,100,1489781708852,15000,Fri 20:15:09
summary,Watch,Smartphone,40,1489781739667,15000,Fri 20:15:40
summary,Watch,Smartphone,140,1489781764845,15000,Fri 20:16:05
summary,Watch,Smartphone,20,1489781781641,15000,Fri 20:16:22
summary,Watch,Smartphone,160,1489781802048,15000,Fri 20:16:42
summary,Watch,Smartphone,80,1489781817468,15000,Fri 20:16:57
summary,Watch,Smartphone,140,1489781836565,15000,Fri 20:17:17
summary,Watch,Smartphone,140,1489781856672,15000,Fri 20:17:37
summary,Watch,Smartphone,20,1489781883229,15000,Fri 20:18:03
summary,Watch,Smartphone,120,1489781909170,15000,Fri 20:18:29
summary,Watch,Smartphone,40,1489781929097,15000,Fri 20:18:49
summary,Watch,Smartphone,20,1489781945183,15000,Fri 20:19:05
summary,Watch,Smartphone,140,1489781974730,15000,Fri 20:19:35
summary,Watch,Smartphone,100,1489781995728,15000,Fri 20:19:56
summary,Watch,Smartphone,80,1489782022902,15000,Fri 20:20:23
summary,Watch,Smartphone,200,1489782039835,15000,Fri 20:20:40
summary,Watch,Smartphone,220,1489782062528,15000,Fri 20:21:03
summary,Watch,Smartphone,160,1489782082389,15000,Fri 20:21:22
summary,Watch,Smartphone,160,1489782097393,15000,Fri 20:21:37
summary,Watch,Smartphone,20,1489782112406,15000,Fri 20:21:52
summary,Watch,Smartphone,80,1489782127416,15000,Fri 20:22:07
summary,Watch,Smartphone,100,1489782142429,15000,Fri 20:22:22
summary,Watch,Smartphone,220,1489782157442,15000,Fri 20:22:37
summary,Watch,Smartphone,220,1489782172449,15000,Fri 20:22:52
summary,Watch,Smartphone,140,1489782187456,15000,Fri 20:23:07
summary,Watch,Smartphone,80,1489782202497,15000,Fri 20:23:22
summary,Watch,Smartphone,120,1489782217518,15000,Fri 20:23:38
summary,Watch,Smartphone,120,1489782232564,15000,Fri 20:23:53
summary,Watch,Smartphone,80,1489782247592,15000,Fri 20:24:08
summary,Watch,Smartphone,140,1489782262640,15000,Fri 20:24:23
summary,Watch,Smartphone,20,1489782277665,15000,Fri 20:24:38
summary,Watch,Smartphone,120,1489782292707,15000,Fri 20:24:53
summary,Watch,Smartphone,40,1489782307738,15000,Fri 20:25:08
summary,Watch,Smartphone,160,1489782322762,15000,Fri 20:25:23
summary,Watch,Smartphone,120,1489782337795,15000,Fri 20:25:38
summary,Watch,Smartphone,180,1489782352849,15000,Fri 20:25:53
summary,Watch,Smartphone,100,1489782367906,15000,Fri 20:26:08
summary,Watch,Smartphone,40,1489782383048,15000,Fri 20:26:23
summary,Watch,Smartphone,200,1489782398069,15000,Fri 20:26:38
summary,Watch,Smartphone,180,1489782413103,15000,Fri 20:26:53
summary,Watch,Smartphone,80,1489782428126,15000,Fri 20:27:08
summary,Watch,Smartphone,100,1489782443150,15000,Fri 20:27:23
summary,Watch,Smartphone,80,1489782458189,15000,Fri 20:27:38
summary,Watch,Smartphone,60,1489782473209,15000,Fri 20:27:53
summary,Watch,Smartphone,180,1489782488226,15000,Fri 20:28:08
summary,Watch,Smartphone,200,1489782503269,15000,Fri 20:28:23
summary,Watch,Smartphone,80,1489782518301,15000,Fri 20:28:38
summary,Watch,Smartphone,140,1489782533324,15000,Fri 20:28:53
summary,Watch,Smartphone,60,1489782548344,15000,Fri 20:29:08
summary,Watch,Smartphone,40,1489782563365,15000,Fri 20:29:23
summary,Watch,Smartphone,80,1489782578370,15000,Fri 20:29:38
summary,Watch,Smartphone,160,1489782593390,15000,Fri 20:29:53
summary,Watch,Smartphone,140,1489782608425,15000,Fri 20:30:08
summary,Watch,Smartphone,140,1489782623463,15000,Fri 20:30:23
summary,Watch,Smartphone,40,1489782638506,15000,Fri 20:30:39
summary,Watch,Smartphone,140,1489782653548,15000,Fri 20:30:54
summary,Watch,Smartphone,160,1489782668583,15000,Fri 20:31:09
summary,Watch,Smartphone,180,1489782683605,15000,Fri 20:31:24
summary,Watch,Smartphone,140,1489782698628,15000,Fri 20:31:39
summary,Watch,Smartphone,60,1489782713662,15000,Fri 20:31:54
summary,Watch,Smartphone,160,1489782728700,15000,Fri 20:32:09
summary,Watch,Smartphone,80,1489782743722,15000,Fri 20:32:24
summary,Watch,Smartphone,60,1489782758744,15000,Fri 20:32:39
summary,Watch,Smartphone,20,1489782773784,15000,Fri 20:32:54
summary,Watch,Smartphone,60,1489782788809,15000,Fri 20:33:09
summary,Watch,Smartphone,20,1489782803820,15000,Fri 20:33:24
summary,Watch,Smartphone,60,1489782818846,15000,Fri 20:33:39
summary,Watch,Smartphone,60,1489782833884,15000,Fri 20:33:54
summary,Watch,Smartphone,100,1489782848921,15000,Fri 20:34:09
summary,Watch,Smartphone,80,1489782863943,15000,Fri 20:34:24
summary,Watch,Smartphone,120,1489782878987,15000,Fri 20:34:39
summary,Watch,Smartphone,20,1489782894027,15000,Fri 20:34:54
summary,Watch,Smartphone,120,1489782909065,15000,Fri 20:35:09
summary,Watch,Smartphone,180,1489782924145,15000,Fri 20:35:24
summary,Watch,Smartphone,60,1489782939183,15000,Fri 20:35:39
summary,Watch,Smartphone,80,1489782954218,15000,Fri 20:35:54
summary,Watch,Smartphone,40,1489782969262,15000,Fri 20:36:09
summary,Watch,Smartphone,120,1489782984300,15000,Fri 20:36:24
summary,Watch,Smartphone,80,1489782999323,15000,Fri 20:36:39
summary,Watch,Smartphone,60,1489783014333,15000,Fri 20:36:54
summary,Watch,Smartphone,160,1489783029353,15000,Fri 20:37:09
summary,Watch,Smartphone,80,1489783044393,15000,Fri 20:37:24
summary,Watch,Smartphone,60,1489783059448,15000,Fri 20:37:39
summary,Watch,Smartphone,20,1489783083393,15000,Fri 20:38:03
summary,Watch,Smartphone,40,1489783098446,15000,Fri 20:38:18
summary,Watch,Smartphone,80,1489783113473,15000,Fri 20:38:33
summary,Watch,Smartphone,40,1489783128488,15000,Fri 20:38:48
summary,Watch,Smartphone,20,1489783143496,15000,Fri 20:39:03
summary,Watch,Smartphone,20,1489783165313,15000,Fri 20:39:25
summary,Watch,Smartphone,20,1489783180324,15000,Fri 20:39:40
summary,Watch,Smartphone,100,1489783195348,15000,Fri 20:39:55
summary,Watch,Smartphone,80,1489783210401,15000,Fri 20:40:10
summary,Watch,Smartphone,160,1489783225407,15000,Fri 20:40:25
summary,Watch,Smartphone,20,1489783246252,15000,Fri 20:40:46
summary,Watch,Smartphone,20,1489783261277,15000,Fri 20:41:01
summary,Watch,Smartphone,60,1489783276299,15000,Fri 20:41:16
summary,Watch,Smartphone,2001,1489783291318,15000,Fri 20:41:31
summary,Watch,Smartphone,2576,1489783306331,15000,Fri 20:41:46
summary,Watch,Smartphone,3,1489785624352,15000,Fri 21:20:24
summary,Watch,Smartphone,3272,1489785639356,15000,Fri 21:20:39
summary,Watch,Smartphone,2,1489788170403,15000,Fri 22:02:50
summary,Watch,Smartphone,3238,1489788185407,15000,Fri 22:03:05
summary,Watch,Smartphone,3,1489789158616,15000,Fri 22:19:19
summary,Watch,Smartphone,2087,1489789173625,15000,Fri 22:19:34
summary,Watch,Smartphone,3,1489790632129,15000,Fri 22:43:52
summary,Watch,Smartphone,2503,1489790647137,15000,Fri 22:44:07
summary,Watch,Smartphone,3,1489792201562,15000,Fri 23:10:02
summary,Watch,Smartphone,2330,1489792216566,15000,Fri 23:10:17
summary,Watch,Smartphone,3,1489794147491,15000,Fri 23:42:27
summary,Watch,Smartphone,2457,1489794167404,15000,Fri 23:42:47
summary,Watch,Smartphone,13,1489799862996,15000,Sat 01:17:43
summary,Watch,Smartphone,5722,1489799878000,15000,Sat 01:17:58
summary,Watch,Smartphone,2,1489799893003,15000,Sat 01:18:13
summary,Watch,Smartphone,20,1489799908012,15000,Sat 01:18:28
summary,Watch,Smartphone,2,1489802152163,15000,Sat 01:55:52
summary,Watch,Smartphone,2821,1489802167205,15000,Sat 01:56:07
summary,Watch,Smartphone,3,1489803890053,15000,Sat 02:24:50
summary,Watch,Smartphone,2184,1489803905060,15000,Sat 02:25:05
summary,Watch,Smartphone,3,1489805591528,15000,Sat 02:53:12
summary,Watch,Smartphone,2375,1489805606541,15000,Sat 02:53:27
summary,Watch,Smartphone,3,1489808016186,15000,Sat 03:33:36
summary,Watch,Smartphone,2840,1489808031198,15000,Sat 03:33:51
summary,Watch,Smartphone,3,1489809510243,15000,Sat 03:58:30
summary,Watch,Smartphone,2088,1489809525248,15000,Sat 03:58:45
summary,Watch,Smartphone,3,1489811519382,15000,Sat 04:31:59
summary,Watch,Smartphone,2457,1489811534401,15000,Sat 04:32:14
summary,Watch,Smartphone,3,1489812937110,15000,Sat 04:55:37
summary,Watch,Smartphone,2089,1489812952119,15000,Sat 04:55:52
summary,Watch,Smartphone,3,1489814397237,15000,Sat 05:19:57
summary,Watch,Smartphone,2007,1489814412287,15000,Sat 05:20:12
summary,Watch,Smartphone,3,1489815492642,15000,Sat 05:38:13
summary,Watch,Smartphone,1831,1489815507657,15000,Sat 05:38:28
summary,Watch,Smartphone,3,1489818040055,15000,Sat 06:20:40
summary,Watch,Smartphone,2679,1489818055066,15000,Sat 06:20:55
summary,Watch,Smartphone,3,1489819449681,15000,Sat 06:44:10
summary,Watch,Smartphone,1975,1489819464697,15000,Sat 06:44:25
summary,Watch,Smartphone,3,1489822213590,15000,Sat 07:30:14
summary,Watch,Smartphone,2712,1489822228598,15000,Sat 07:30:29
summary,Watch,Smartphone,3,1489824223617,15000,Sat 08:03:44
summary,Watch,Smartphone,2392,1489824238623,15000,Sat 08:03:59
summary,Watch,Smartphone,3,1489827023733,15000,Sat 08:50:24
summary,Watch,Smartphone,2699,1489827038741,15000,Sat 08:50:39
summary,Watch,Smartphone,12,1489827053748,15000,Sat 08:50:54
summary,Watch,Smartphone,3,1489828962217,15000,Sat 09:22:42
summary,Watch,Smartphone,2647,1489828977223,15000,Sat 09:22:57
summary,Watch,Smartphone,3,1489831822531,15000,Sat 10:10:23
summary,Watch,Smartphone,2891,1489831837554,15000,Sat 10:10:38
summary,Watch,Smartphone,494,1489831863584,15000,Sat 10:11:04
summary,Watch,Smartphone,3,1489833159404,15000,Sat 10:32:39
summary,Watch,Smartphone,2423,1489833174408,15000,Sat 10:32:54
summary,Watch,Smartphone,3,1489834969265,15000,Sat 11:02:49
summary,Watch,Smartphone,2488,1489834984269,15000,Sat 11:03:04
summary,Watch,Smartphone,2,1489837235468,15000,Sat 11:40:35
summary,Watch,Smartphone,3270,1489837252115,15000,Sat 11:40:52
summary,Watch,Smartphone,3,1489838487960,15000,Sat 12:01:28
summary,Watch,Smartphone,2312,1489838503397,15000,Sat 12:01:43
summary,Watch,Smartphone,3,1489840708418,15000,Sat 12:38:28
summary,Watch,Smartphone,3257,1489840723978,15000,Sat 12:38:44
summary,Watch,Smartphone,3,1489843518274,15000,Sat 13:25:18
summary,Watch,Smartphone,3209,1489843534043,15000,Sat 13:25:34
summary,Watch,Smartphone,3,1489843910468,15000,Sat 13:31:50
summary,Watch,Smartphone,1816,1489843925475,15000,Sat 13:32:05
summary,Watch,Smartphone,262,1489843940481,15000,Sat 13:32:20
summary,Watch,Smartphone,240,1489843963329,15000,Sat 13:32:43
summary,Watch,Smartphone,2,1489845855430,15000,Sat 14:04:15
summary,Watch,Smartphone,2790,1489845879936,15000,Sat 14:04:40
summary,Watch,Smartphone,3,1489847746426,15000,Sat 14:35:46
summary,Watch,Smartphone,2584,1489847765847,15000,Sat 14:36:06
summary,Watch,Smartphone,3,1489847949793,15000,Sat 14:39:10
summary,Watch,Smartphone,1733,1489847964795,15000,Sat 14:39:25
summary,Watch,Smartphone,151,1489847979799,15000,Sat 14:39:40
summary,Watch,Smartphone,20,1489847994802,15000,Sat 14:39:55
summary,Watch,Smartphone,60,1489848009804,15000,Sat 14:40:10
summary,Watch,Smartphone,60,1489848024809,15000,Sat 14:40:25
summary,Watch,Smartphone,2,1489850346223,15000,Sat 15:19:06
summary,Watch,Smartphone,3461,1489850365518,15000,Sat 15:19:26
summary,Watch,Smartphone,3,1489853016383,15000,Sat 16:03:36
summary,Watch,Smartphone,3322,1489853035850,15000,Sat 16:03:56
summary,Watch,Smartphone,13,1489857038417,15000,Sat 17:10:38
summary,Watch,Smartphone,4178,1489857069137,15000,Sat 17:11:09
summary,Watch,Smartphone,3,1489857940287,15000,Sat 17:25:40
summary,Watch,Smartphone,2312,1489857955294,15000,Sat 17:25:55
summary,Watch,Smartphone,82,1489857970299,15000,Sat 17:26:10
summary,Watch,Smartphone,2,1489857987878,15000,Sat 17:26:28
summary,Watch,Smartphone,1590,1489858002883,15000,Sat 17:26:43
summary,Watch,Smartphone,82,1489858017886,15000,Sat 17:26:58
summary,Watch,Smartphone,80,1489858032893,15000,Sat 17:27:13
summary,Watch,Smartphone,20,1489858047900,15000,Sat 17:27:28
summary,Watch,Smartphone,40,1489858062904,15000,Sat 17:27:43
summary,Watch,Smartphone,2,1489860355035,15000,Sat 18:05:55
summary,Watch,Smartphone,3398,1489860370064,15000,Sat 18:06:10
summary,Watch,Smartphone,3,1489861878870,15000,Sat 18:31:19
summary,Watch,Smartphone,2665,1489861893873,15000,Sat 18:31:34
summary,Watch,Smartphone,82,1489861908877,15000,Sat 18:31:49
summary,Watch,Smartphone,40,1489861923885,15000,Sat 18:32:04
summary,Watch,Smartphone,20,1489861938888,15000,Sat 18:32:19
summary,Watch,Smartphone,984,1489861953895,15000,Sat 18:32:34
summary,Watch,Smartphone,534,1489861968898,15000,Sat 18:32:49
summary,Watch,Smartphone,20,1489861983900,15000,Sat 18:33:04
summary,Watch,Smartphone,13,1490091126100,15000,Tue 10:12:06
summary,Watch,Smartphone,6,1490091141121,15000,Tue 10:12:21
summary,Watch,Smartphone,3,1490091156134,15000,Tue 10:12:36
summary,Watch,Smartphone,14,1490091902023,15000,Tue 10:25:02
summary,Watch,Smartphone,35331,1490091917037,15000,Tue 10:25:17
summary,Watch,Smartphone,37729,1490091932051,15000,Tue 10:25:32
summary,Watch,Smartphone,50,1490091947054,15000,Tue 10:25:47
summary,Watch,Smartphone,20,1490091962063,15000,Tue 10:26:02
summary,Watch,Smartphone,20,1490091977074,15000,Tue 10:26:17
summary,Watch,Smartphone,2,1490093576535,15000,Tue 10:52:57
summary,Watch,Smartphone,2917,1490093593991,15000,Tue 10:53:14
summary,Watch,Smartphone,3,1490095678338,15000,Tue 11:27:58
summary,Watch,Smartphone,5009,1490095693345,15000,Tue 11:28:13
summary,Watch,Smartphone,2376,1490095708366,15000,Tue 11:28:28
summary,Watch,Smartphone,3,1490096947643,15000,Tue 11:49:08
summary,Watch,Smartphone,6083,1490096962677,15000,Tue 11:49:23
summary,Watch,Smartphone,519,1490096977707,15000,Tue 11:49:38
summary,Watch,Smartphone,3,1490098379637,15000,Tue 12:13:00
summary,Watch,Smartphone,6425,1490098397032,15000,Tue 12:13:17
summary,Watch,Smartphone,3,1490099791725,15000,Tue 12:36:32
summary,Watch,Smartphone,4204,1490099806728,15000,Tue 12:36:47
summary,Watch,Smartphone,3,1490101441033,15000,Tue 13:04:01
summary,Watch,Smartphone,3826,1490101456044,15000,Tue 13:04:16
summary,Watch,Smartphone,6,1490101471065,15000,Tue 13:04:31
summary,Watch,Smartphone,3,1490102810417,15000,Tue 13:26:50
summary,Watch,Smartphone,2632,1490102865232,15000,Tue 13:27:45
summary,Watch,Smartphone,3,1490104254410,15000,Tue 13:50:54
summary,Watch,Smartphone,2359,1490104278429,15000,Tue 13:51:18
summary,Watch,Smartphone,3,1490106515271,15000,Tue 14:28:35
summary,Watch,Smartphone,3193,1490106548563,15000,Tue 14:29:09
summary,Watch,Smartphone,2,1490110605913,15000,Tue 15:36:46
summary,Watch,Smartphone,5062,1490110644945,15000,Tue 15:37:25
summary,Watch,Smartphone,3,1490111638194,15000,Tue 15:53:58
summary,Watch,Smartphone,2233,1490111653198,15000,Tue 15:54:13
summary,Watch,Smartphone,3,1490113817405,15000,Tue 16:30:17
summary,Watch,Smartphone,2791,1490113892914,15000,Tue 16:31:33
summary,Watch,Smartphone,3,1490115873364,15000,Tue 17:04:33
summary,Watch,Smartphone,3256,1490115888376,15000,Tue 17:04:48
summary,Watch,Smartphone,2,1490118307598,15000,Tue 17:45:08
summary,Watch,Smartphone,13,1490119657796,15000,Tue 18:07:38
summary,Watch,Smartphone,5172,1490119672821,15000,Tue 18:07:53
summary,Watch,Smartphone,3,1490120886428,15000,Tue 18:28:06
summary,Watch,Smartphone,2408,1490120901439,15000,Tue 18:28:21
summary,Watch,Smartphone,3,1490122039767,15000,Tue 18:47:20
summary,Watch,Smartphone,2279,1490122054784,15000,Tue 18:47:35
summary,Watch,Smartphone,3,1490123093177,15000,Tue 19:04:53
summary,Watch,Smartphone,2519,1490123108179,15000,Tue 19:05:08
summary,Watch,Smartphone,3,1490124161382,15000,Tue 19:22:41
summary,Watch,Smartphone,2472,1490124176388,15000,Tue 19:22:56
summary,Watch,Smartphone,3,1490126130037,15000,Tue 19:55:30
summary,Watch,Smartphone,2744,1490126145042,15000,Tue 19:55:45
summary,Watch,Smartphone,3,1490128825574,15000,Tue 20:40:26
summary,Watch,Smartphone,3192,1490128843224,15000,Tue 20:40:43
summary,Watch,Smartphone,3,1490131535319,15000,Tue 21:25:35
summary,Watch,Smartphone,3450,1490131550660,15000,Tue 21:25:51
summary,Watch,Smartphone,3,1490132861989,15000,Tue 21:47:42
summary,Watch,Smartphone,2247,1490132878589,15000,Tue 21:47:59
summary,Watch,Smartphone,3,1490134092152,15000,Tue 22:08:12
summary,Watch,Smartphone,2199,1490134108422,15000,Tue 22:08:28
summary,Watch,Smartphone,3,1490135903373,15000,Tue 22:38:23
summary,Watch,Smartphone,2536,1490135918380,15000,Tue 22:38:38
summary,Watch,Smartphone,3,1490137947596,15000,Tue 23:12:28
summary,Watch,Smartphone,3063,1490137962607,15000,Tue 23:12:43
summary,Watch,Smartphone,3,1490139977426,15000,Tue 23:46:17
summary,Watch,Smartphone,2696,1490139992437,15000,Tue 23:46:32
summary,Watch,Smartphone,3,1490142367062,15000,Wed 00:26:07
summary,Watch,Smartphone,2727,1490142382074,15000,Wed 00:26:22
summary,Watch,Smartphone,3,1490144564828,15000,Wed 01:02:45
summary,Watch,Smartphone,2983,1490144579837,15000,Wed 01:03:00
summary,Watch,Smartphone,3,1490147352720,15000,Wed 01:49:13
summary,Watch,Smartphone,2985,1490147367725,15000,Wed 01:49:28
summary,Watch,Smartphone,3,1490148613520,15000,Wed 02:10:14
summary,Watch,Smartphone,2008,1490148628524,15000,Wed 02:10:29
summary,Watch,Smartphone,3,1490150524006,15000,Wed 02:42:04
summary,Watch,Smartphone,2199,1490150539009,15000,Wed 02:42:19
summary,Watch,Smartphone,3,1490152442956,15000,Wed 03:14:03
summary,Watch,Smartphone,2583,1490152457962,15000,Wed 03:14:18
summary,Watch,Smartphone,3,1490155296496,15000,Wed 04:01:36
summary,Watch,Smartphone,2967,1490155311509,15000,Wed 04:01:52
summary,Watch,Smartphone,3,1490156793449,15000,Wed 04:26:33
summary,Watch,Smartphone,2039,1490156808457,15000,Wed 04:26:48
summary,Watch,Smartphone,3,1490159433710,15000,Wed 05:10:34
summary,Watch,Smartphone,2665,1490159448715,15000,Wed 05:10:49
summary,Watch,Smartphone,3,1490161771832,15000,Wed 05:49:32
summary,Watch,Smartphone,2599,1490161786837,15000,Wed 05:49:47
summary,Watch,Smartphone,3,1490163144814,15000,Wed 06:12:25
summary,Watch,Smartphone,2008,1490163159819,15000,Wed 06:12:40
summary,Watch,Smartphone,3,1490164450070,15000,Wed 06:34:10
summary,Watch,Smartphone,2008,1490164465093,15000,Wed 06:34:25
summary,Watch,Smartphone,3,1490167235249,15000,Wed 07:20:35
summary,Watch,Smartphone,2759,1490167250260,15000,Wed 07:20:50
summary,Watch,Smartphone,3,1490168235489,15000,Wed 07:37:15
summary,Watch,Smartphone,1848,1490168250500,15000,Wed 07:37:30
summary,Watch,Smartphone,3,1490170537752,15000,Wed 08:15:38
summary,Watch,Smartphone,2520,1490170552771,15000,Wed 08:15:53
summary,Watch,Smartphone,3,1490172412406,15000,Wed 08:46:52
summary,Watch,Smartphone,2602,1490172427411,15000,Wed 08:47:07
summary,Watch,Smartphone,3,1490174978145,15000,Wed 09:29:38
summary,Watch,Smartphone,2826,1490174993150,15000,Wed 09:29:53
summary,Watch,Smartphone,2,1490176883353,15000,Wed 10:01:23
summary,Watch,Smartphone,3335,1490176898361,15000,Wed 10:01:38
summary,Watch,Smartphone,3,1490179119238,15000,Wed 10:38:39
summary,Watch,Smartphone,3099,1490179134241,15000,Wed 10:38:54
summary,Watch,Smartphone,484,1490179168912,15000,Wed 10:39:29
summary,Watch,Smartphone,3,1490180150837,15000,Wed 10:55:51
summary,Watch,Smartphone,2377,1490180165855,15000,Wed 10:56:06
summary,Watch,Smartphone,2,1490182747181,15000,Wed 11:39:07
summary,Watch,Smartphone,11271,1490182762186,15000,Wed 11:39:22
summary,Watch,Smartphone,2,1490184481004,15000,Wed 12:08:01
summary,Watch,Smartphone,7355,1490184496009,15000,Wed 12:08:16
summary,Watch,Smartphone,3,1490187366944,15000,Wed 12:56:07
summary,Watch,Smartphone,4169,1490187381992,15000,Wed 12:56:22
summary,Watch,Smartphone,1204,1490187397019,15000,Wed 12:56:37
summary,Watch,Smartphone,3,1490189682569,15000,Wed 13:34:43
summary,Watch,Smartphone,2484,1490189698741,15000,Wed 13:34:59
summary,Watch,Smartphone,483,1490189725342,15000,Wed 13:35:25
summary,Watch,Smartphone,3,1490191959071,15000,Wed 14:12:39
summary,Watch,Smartphone,2320,1490191976009,15000,Wed 14:12:56
summary,Watch,Smartphone,3,1490193059353,15000,Wed 14:30:59
summary,Watch,Smartphone,3296,1490193075857,15000,Wed 14:31:16
summary,Watch,Smartphone,625,1490193091114,15000,Wed 14:31:31
summary,Watch,Smartphone,3,1490194647252,15000,Wed 14:57:27
summary,Watch,Smartphone,2776,1490194663413,15000,Wed 14:57:43
summary,Watch,Smartphone,3,1490196502684,15000,Wed 15:28:23
summary,Watch,Smartphone,2809,1490196517698,15000,Wed 15:28:38
summary,Watch,Smartphone,3,1490196861599,15000,Wed 15:34:22
summary,Watch,Smartphone,2049,1490196876608,15000,Wed 15:34:37
summary,Watch,Smartphone,72,1490196891613,15000,Wed 15:34:52
summary,Watch,Smartphone,2,1490198019494,15000,Wed 15:53:39
summary,Watch,Smartphone,2287,1490198034535,15000,Wed 15:53:55
summary,Watch,Smartphone,504,1490198049543,15000,Wed 15:54:10
summary,Watch,Smartphone,3,1490199230296,15000,Wed 16:13:50
summary,Watch,Smartphone,2457,1490199245515,15000,Wed 16:14:06
summary,Watch,Smartphone,3,1490200903421,15000,Wed 16:41:43
summary,Watch,Smartphone,3499,1490200925478,15000,Wed 16:42:05
summary,Watch,Smartphone,3,1490202342285,15000,Wed 17:05:42
summary,Watch,Smartphone,2207,1490202379773,15000,Wed 17:06:20
summary,Watch,Smartphone,3,1490203943137,15000,Wed 17:32:23
summary,Watch,Smartphone,4116,1490203958512,15000,Wed 17:32:39
summary,Watch,Smartphone,2,1490208740620,15000,Wed 18:52:21
summary,Watch,Smartphone,5285,1490208755650,15000,Wed 18:52:36
summary,Watch,Smartphone,3,1490209745085,15000,Wed 19:09:05
summary,Watch,Smartphone,2040,1490209760110,15000,Wed 19:09:20
summary,Watch,Smartphone,3,1490211420568,15000,Wed 19:37:01
summary,Watch,Smartphone,2168,1490211439726,15000,Wed 19:37:20
summary,Watch,Smartphone,3,1490214009809,15000,Wed 20:20:10
summary,Watch,Smartphone,3290,1490214024814,15000,Wed 20:20:25
summary,Watch,Smartphone,3,1490216341891,15000,Wed 20:59:02
summary,Watch,Smartphone,2879,1490216356943,15000,Wed 20:59:17
summary,Watch,Smartphone,3,1490216381142,15000,Wed 20:59:41
summary,Watch,Smartphone,1910,1490216396154,15000,Wed 20:59:56
summary,Watch,Smartphone,400,1490216411163,15000,Wed 21:00:11
summary,Watch,Smartphone,20,1490216426194,15000,Wed 21:00:26
summary,Watch,Smartphone,648,1490216441209,15000,Wed 21:00:41
summary,Watch,Smartphone,2094,1490216456222,15000,Wed 21:00:56
summary,Watch,Smartphone,917,1490216471242,15000,Wed 21:01:11
summary,Watch,Smartphone,13,1490227851377,15000,Thu 00:10:51
summary,Watch,Smartphone,6,1490227866383,15000,Thu 00:11:06
summary,Watch,Smartphone,3,1490227881386,15000,Thu 00:11:21
summary,Watch,Smartphone,10,1490227896391,15000,Thu 00:11:36
summary,Watch,Smartphone,107,1490227911402,15000,Thu 00:11:51
summary,Watch,Smartphone,2,1490230059740,15000,Thu 00:47:40
summary,Watch,Smartphone,12886,1490230074748,15000,Thu 00:47:55
summary,Watch,Smartphone,3,1490231354614,15000,Thu 01:09:15
summary,Watch,Smartphone,2266,1490231369627,15000,Thu 01:09:30
summary,Watch,Smartphone,3,1490233552582,15000,Thu 01:45:53
summary,Watch,Smartphone,2487,1490233567594,15000,Thu 01:46:08
summary,Watch,Smartphone,3,1490236060893,15000,Thu 02:27:41
summary,Watch,Smartphone,2568,1490236075897,15000,Thu 02:27:56
summary,Watch,Smartphone,3,1490237131458,15000,Thu 02:45:31
summary,Watch,Smartphone,1816,1490237146462,15000,Thu 02:45:46
summary,Watch,Smartphone,3,1490238556934,15000,Thu 03:09:17
summary,Watch,Smartphone,2439,1490238571943,15000,Thu 03:09:32
summary,Watch,Smartphone,3,1490241195842,15000,Thu 03:53:16
summary,Watch,Smartphone,2648,1490241210854,15000,Thu 03:53:31
summary,Watch,Smartphone,3,1490242630424,15000,Thu 04:17:10
summary,Watch,Smartphone,1975,1490242645431,15000,Thu 04:17:25
summary,Watch,Smartphone,3,1490244665430,15000,Thu 04:51:05
summary,Watch,Smartphone,2343,1490244680437,15000,Thu 04:51:20
summary,Watch,Smartphone,3,1490246061002,15000,Thu 05:14:21
summary,Watch,Smartphone,2120,1490246076013,15000,Thu 05:14:36
summary,Watch,Smartphone,2,1490247260023,15000,Thu 05:34:20
summary,Watch,Smartphone,2421,1490247275043,15000,Thu 05:34:35
summary,Watch,Smartphone,3,1490248714394,15000,Thu 05:58:34
summary,Watch,Smartphone,2184,1490248729397,15000,Thu 05:58:49
summary,Watch,Smartphone,3,1490250537340,15000,Thu 06:28:57
summary,Watch,Smartphone,2183,1490250552346,15000,Thu 06:29:12
summary,Watch,Smartphone,3,1490253417638,15000,Thu 07:16:58
summary,Watch,Smartphone,2682,1490253432647,15000,Thu 07:17:13
summary,Watch,Smartphone,3,1490256281424,15000,Thu 08:04:41
summary,Watch,Smartphone,2727,1490256296431,15000,Thu 08:04:56
summary,Watch,Smartphone,3,1490256619125,15000,Thu 08:10:19
summary,Watch,Smartphone,1624,1490256634134,15000,Thu 08:10:34
summary,Watch,Smartphone,3,1490257356225,15000,Thu 08:22:36
summary,Watch,Smartphone,1815,1490257371232,15000,Thu 08:22:51
summary,Watch,Smartphone,102,1490257386236,15000,Thu 08:23:06
summary,Watch,Smartphone,100,1490257401243,15000,Thu 08:23:21
summary,Watch,Smartphone,2,1490260271936,15000,Thu 09:11:12
summary,Watch,Smartphone,3958,1490260291262,15000,Thu 09:11:31
summary,Watch,Smartphone,3,1490261260989,15000,Thu 09:27:41
summary,Watch,Smartphone,2295,1490261276024,15000,Thu 09:27:56
summary,Watch,Smartphone,3,1490263946274,15000,Thu 10:12:26
summary,Watch,Smartphone,6789,1490263961292,15000,Thu 10:12:41
summary,Watch,Smartphone,1327,1490263976317,15000,Thu 10:12:56
summary,Watch,Smartphone,3,1490265309372,15000,Thu 10:35:09
summary,Watch,Smartphone,4456,1490265324377,15000,Thu 10:35:24
summary,Watch,Smartphone,3,1490268095999,15000,Thu 11:21:36
summary,Watch,Smartphone,5049,1490268111003,15000,Thu 11:21:51
summary,Watch,Smartphone,6460,1490268126016,15000,Thu 11:22:06
summary,Watch,Smartphone,852,1490268141029,15000,Thu 11:22:21
summary,Watch,Smartphone,3,1490270760686,15000,Thu 12:06:01
summary,Watch,Smartphone,6829,1490270775692,15000,Thu 12:06:16
summary,Watch,Smartphone,2443,1490270790707,15000,Thu 12:06:31
summary,Watch,Smartphone,3,1490273222017,15000,Thu 12:47:02
summary,Watch,Smartphone,2479,1490273237030,15000,Thu 12:47:17
summary,Watch,Smartphone,81,1490273252050,15000,Thu 12:47:32
summary,Watch,Smartphone,407,1490273267065,15000,Thu 12:47:47
summary,Watch,Smartphone,3,1490275035771,15000,Thu 13:17:16
summary,Watch,Smartphone,2657,1490275050783,15000,Thu 13:17:31
summary,Watch,Smartphone,3,1490277067926,15000,Thu 13:51:08
summary,Watch,Smartphone,4402,1490277082931,15000,Thu 13:51:23
summary,Watch,Smartphone,3,1490279054052,15000,Thu 14:24:14
summary,Watch,Smartphone,2537,1490279069060,15000,Thu 14:24:29
summary,Watch,Smartphone,3,1490280979176,15000,Thu 14:56:19
summary,Watch,Smartphone,5872,1490280994189,15000,Thu 14:56:34
summary,Watch,Smartphone,504,1490281009208,15000,Thu 14:56:49
summary,Watch,Smartphone,3,1490282288163,15000,Thu 15:18:08
summary,Watch,Smartphone,3898,1490282303181,15000,Thu 15:18:23
summary,Watch,Smartphone,3,1490283634704,15000,Thu 15:40:35
summary,Watch,Smartphone,4983,1490283649711,15000,Thu 15:40:50
summary,Watch,Smartphone,102,1490283664717,15000,Thu 15:41:05
summary,Watch,Smartphone,20,1490283679723,15000,Thu 15:41:20
summary,Watch,Smartphone,60,1490283694731,15000,Thu 15:41:35
summary,Watch,Smartphone,20,1490283709840,15000,Thu 15:41:50
summary,Watch,Smartphone,2,1490286020504,15000,Thu 16:20:21
summary,Watch,Smartphone,4551,1490286035508,15000,Thu 16:20:36
summary,Watch,Smartphone,3,1490287019461,15000,Thu 16:36:59
summary,Watch,Smartphone,2392,1490287055320,15000,Thu 16:37:35
summary,Watch,Smartphone,3,1490288700974,15000,Thu 17:05:01
summary,Watch,Smartphone,2254,1490288716107,15000,Thu 17:05:16
summary,Watch,Smartphone,3,1490290142614,15000,Thu 17:29:03
summary,Watch,Smartphone,3710,1490290157623,15000,Thu 17:29:18
summary,Watch,Smartphone,3,1490291856374,15000,Thu 17:57:36
summary,Watch,Smartphone,2503,1490291958059,15000,Thu 17:59:18
summary,Watch,Smartphone,3,1490293227382,15000,Thu 18:20:27
summary,Watch,Smartphone,2647,1490293247023,15000,Thu 18:20:47
summary,Watch,Smartphone,3,1490294615454,15000,Thu 18:43:35
summary,Watch,Smartphone,1871,1490294630465,15000,Thu 18:43:50
summary,Watch,Smartphone,504,1490294645478,15000,Thu 18:44:05
summary,Watch,Smartphone,3,1490296872861,15000,Thu 19:21:13
summary,Watch,Smartphone,3079,1490296887883,15000,Thu 19:21:28
summary,Watch,Smartphone,13,1490299080499,15000,Thu 19:58:00
summary,Watch,Smartphone,3587,1490299095510,15000,Thu 19:58:16
summary,Watch,Smartphone,2,1490300868945,15000,Thu 20:27:49
summary,Watch,Smartphone,2854,1490300883951,15000,Thu 20:28:04
summary,Watch,Smartphone,3,1490302769486,15000,Thu 20:59:29
summary,Watch,Smartphone,2971,1490302784499,15000,Thu 20:59:44
summary,Watch,Smartphone,3,1490303907210,15000,Thu 21:18:27
summary,Watch,Smartphone,2184,1490303936279,15000,Thu 21:18:56
summary,Watch,Smartphone,3,1490306781933,15000,Thu 22:06:22
summary,Watch,Smartphone,3336,1490306821257,15000,Thu 22:07:01
summary,Watch,Smartphone,3,1490308241624,15000,Thu 22:30:42
summary,Watch,Smartphone,2328,1490308288781,15000,Thu 22:31:29
summary,Watch,Smartphone,3,1490309960173,15000,Thu 22:59:20
summary,Watch,Smartphone,2488,1490310021209,15000,Thu 23:00:21
summary,Watch,Smartphone,3,1490311800689,15000,Thu 23:30:01
summary,Watch,Smartphone,2618,1490311818452,15000,Thu 23:30:18
summary,Watch,Smartphone,2,1490313574103,15000,Thu 23:59:34
summary,Watch,Smartphone,2902,1490313589110,15000,Thu 23:59:49
summary,Watch,Smartphone,3,1490314648661,15000,Fri 00:17:29
summary,Watch,Smartphone,2167,1490314663669,15000,Fri 00:17:44
summary,Watch,Smartphone,3,1490316731279,15000,Fri 00:52:11
summary,Watch,Smartphone,2856,1490316746282,15000,Fri 00:52:26
summary,Watch,Smartphone,3,1490319507684,15000,Fri 01:38:28
summary,Watch,Smartphone,2779,1490319522713,15000,Fri 01:38:43
summary,Watch,Smartphone,3,1490322030329,15000,Fri 02:20:30
summary,Watch,Smartphone,2555,1490322045340,15000,Fri 02:20:45
summary,Watch,Smartphone,3,1490323843832,15000,Fri 02:50:44
summary,Watch,Smartphone,1824,1490323858843,15000,Fri 02:50:59
summary,Watch,Smartphone,504,1490323873868,15000,Fri 02:51:14
summary,Watch,Smartphone,3,1490326671315,15000,Fri 03:37:51
summary,Watch,Smartphone,3016,1490326686324,15000,Fri 03:38:06
summary,Watch,Smartphone,3,1490328286789,15000,Fri 04:04:47
summary,Watch,Smartphone,2217,1490328301796,15000,Fri 04:05:02
summary,Watch,Smartphone,3,1490330975930,15000,Fri 04:49:36
summary,Watch,Smartphone,2888,1490330990934,15000,Fri 04:49:51
summary,Watch,Smartphone,3,1490332636960,15000,Fri 05:17:17
summary,Watch,Smartphone,2200,1490332651964,15000,Fri 05:17:32
summary,Watch,Smartphone,3,1490335429675,15000,Fri 06:03:50
summary,Watch,Smartphone,2679,1490335444685,15000,Fri 06:04:05
summary,Watch,Smartphone,3,1490336545309,15000,Fri 06:22:25
summary,Watch,Smartphone,1992,1490336560319,15000,Fri 06:22:40
summary,Watch,Smartphone,3,1490338876464,15000,Fri 07:01:16
summary,Watch,Smartphone,2615,1490338891469,15000,Fri 07:01:31
summary,Watch,Smartphone,3,1490340481170,15000,Fri 07:28:01
summary,Watch,Smartphone,2090,1490340496175,15000,Fri 07:28:16
summary,Watch,Smartphone,3,1490341843310,15000,Fri 07:50:43
summary,Watch,Smartphone,1960,1490341858314,15000,Fri 07:50:58
summary,Watch,Smartphone,3,1490344143476,15000,Fri 08:29:03
summary,Watch,Smartphone,2535,1490344158481,15000,Fri 08:29:18
summary,Watch,Smartphone,3,1490346677955,15000,Fri 09:11:18
summary,Watch,Smartphone,3143,1490346692964,15000,Fri 09:11:33
summary,Watch,Smartphone,3,1490348877575,15000,Fri 09:47:58
summary,Watch,Smartphone,2456,1490348892590,15000,Fri 09:48:13
summary,Watch,Smartphone,3,1490350791458,15000,Fri 10:19:51
summary,Watch,Smartphone,2376,1490350806471,15000,Fri 10:20:06
summary,Watch,Smartphone,3,1490352886541,15000,Fri 10:54:47
summary,Watch,Smartphone,2856,1490352902088,15000,Fri 10:55:02
summary,Watch,Smartphone,3,1490353955220,15000,Fri 11:12:35
summary,Watch,Smartphone,2087,1490354037491,15000,Fri 11:13:57
summary,Watch,Smartphone,2,1490355720873,15000,Fri 11:42:01
summary,Watch,Smartphone,2646,1490355738566,15000,Fri 11:42:19
summary,Watch,Smartphone,3,1490356935018,15000,Fri 12:02:15
summary,Watch,Smartphone,2103,1490356959027,15000,Fri 12:02:39
summary,Watch,Smartphone,3,1490360745106,15000,Fri 13:05:45
summary,Watch,Smartphone,3992,1490360760118,15000,Fri 13:06:00
summary,Watch,Smartphone,2,1490365060284,15000,Fri 14:17:40
summary,Watch,Smartphone,4182,1490365143119,15000,Fri 14:19:03
summary,Watch,Smartphone,13,1490387974519,15000,Fri 20:39:35
summary,Watch,Smartphone,19496,1490387989526,15000,Fri 20:39:50
summary,Watch,Smartphone,3,1490389735861,15000,Fri 21:08:56
summary,Watch,Smartphone,3015,1490389750865,15000,Fri 21:09:11
summary,Watch,Smartphone,13,1490393323096,15000,Fri 22:08:43
summary,Watch,Smartphone,4791,1490393338106,15000,Fri 22:08:58
summary,Watch,Smartphone,3,1490396171048,15000,Fri 22:56:11
summary,Watch,Smartphone,3433,1490396192399,15000,Fri 22:56:32
summary,Watch,Smartphone,3,1490399053127,15000,Fri 23:44:13
summary,Watch,Smartphone,3207,1490399089399,15000,Fri 23:44:49
summary,Watch,Smartphone,3,1490401474017,15000,Sat 00:24:34
summary,Watch,Smartphone,2760,1490401489601,15000,Sat 00:24:50
summary,Watch,Smartphone,3,1490403499422,15000,Sat 00:58:19
summary,Watch,Smartphone,2745,1490403517443,15000,Sat 00:58:37
summary,Watch,Smartphone,3,1490406180225,15000,Sat 01:43:00
summary,Watch,Smartphone,2889,1490406195234,15000,Sat 01:43:15
summary,Watch,Smartphone,3,1490408505876,15000,Sat 02:21:46
summary,Watch,Smartphone,2487,1490408520891,15000,Sat 02:22:01
summary,Watch,Smartphone,3,1490410862703,15000,Sat 03:01:03
summary,Watch,Smartphone,2935,1490410877709,15000,Sat 03:01:18
summary,Watch,Smartphone,3,1490413292401,15000,Sat 03:41:32
summary,Watch,Smartphone,2647,1490413307415,15000,Sat 03:41:47
summary,Watch,Smartphone,3,1490415483405,15000,Sat 04:18:03
summary,Watch,Smartphone,2457,1490415498410,15000,Sat 04:18:18
summary,Watch,Smartphone,3,1490417652999,15000,Sat 04:54:13
summary,Watch,Smartphone,2521,1490417668005,15000,Sat 04:54:28
summary,Watch,Smartphone,3,1490419123846,15000,Sat 05:18:44
summary,Watch,Smartphone,2104,1490419138854,15000,Sat 05:18:59
summary,Watch,Smartphone,2,1490421929562,15000,Sat 06:05:30
summary,Watch,Smartphone,2902,1490421944568,15000,Sat 06:05:45
summary,Watch,Smartphone,3,1490423988284,15000,Sat 06:39:48
summary,Watch,Smartphone,2440,1490424003289,15000,Sat 06:40:03
summary,Watch,Smartphone,3,1490425477269,15000,Sat 07:04:37
summary,Watch,Smartphone,2119,1490425492282,15000,Sat 07:04:52
summary,Watch,Smartphone,3,1490426878392,15000,Sat 07:27:58
summary,Watch,Smartphone,2008,1490426893396,15000,Sat 07:28:13
summary,Watch,Smartphone,3,1490428195939,15000,Sat 07:49:56
summary,Watch,Smartphone,2087,1490428210953,15000,Sat 07:50:11
summary,Watch,Smartphone,3,1490430013675,15000,Sat 08:20:14
summary,Watch,Smartphone,2183,1490430028688,15000,Sat 08:20:29
summary,Watch,Smartphone,3,1490432656411,15000,Sat 09:04:16
summary,Watch,Smartphone,3351,1490432671423,15000,Sat 09:04:31
summary,Watch,Smartphone,2,1490434650928,15000,Sat 09:37:31
summary,Watch,Smartphone,2877,1490434667146,15000,Sat 09:37:47
summary,Watch,Smartphone,3,1490437235563,15000,Sat 10:20:36
summary,Watch,Smartphone,5121,1490437250572,15000,Sat 10:20:51
summary,Watch,Smartphone,3,1490438844834,15000,Sat 10:47:25
summary,Watch,Smartphone,2503,1490438865449,15000,Sat 10:47:45
summary,Watch,Smartphone,3,1490440203611,15000,Sat 11:10:04
summary,Watch,Smartphone,2232,1490440218618,15000,Sat 11:10:19
summary,Watch,Smartphone,102,1490440238000,15000,Sat 11:10:38
summary,Watch,Smartphone,2,1490454984583,15000,Sat 15:16:25
summary,Watch,Smartphone,12360,1490454999609,15000,Sat 15:16:40
summary,Watch,Smartphone,13,1490456425386,15000,Sat 15:40:25
summary,Watch,Smartphone,2330,1490456440392,15000,Sat 15:40:40
summary,Watch,Smartphone,13,1490522394615,15000,Sun 09:59:55
summary,Watch,Smartphone,7144,1490522420175,15000,Sun 10:00:20
summary,Watch,Smartphone,40882,1490522435241,15000,Sun 10:00:35
summary,Watch,Smartphone,42687,1490522450249,15000,Sun 10:00:50
summary,Watch,Smartphone,8917,1490522465260,15000,Sun 10:01:05
summary,Watch,Smartphone,3,1490525317092,15000,Sun 10:48:37
summary,Watch,Smartphone,4088,1490525332101,15000,Sun 10:48:52
summary,Watch,Smartphone,3,1490527931868,15000,Sun 11:32:12
summary,Watch,Smartphone,3112,1490527950440,15000,Sun 11:32:30
summary,Watch,Smartphone,3,1490530120919,15000,Sun 12:08:41
summary,Watch,Smartphone,2855,1490530136772,15000,Sun 12:08:57
summary,Watch,Smartphone,3,1490531896732,15000,Sun 12:38:17
summary,Watch,Smartphone,2408,1490531913078,15000,Sun 12:38:33
summary,Watch,Smartphone,3,1490534790713,15000,Sun 13:26:31
summary,Watch,Smartphone,3467,1490534809875,15000,Sun 13:26:50
summary,Watch,Smartphone,3,1490536254619,15000,Sun 13:50:55
summary,Watch,Smartphone,2632,1490536269625,15000,Sun 13:51:10
summary,Watch,Smartphone,3,1490538289994,15000,Sun 14:24:50
summary,Watch,Smartphone,2647,1490538304998,15000,Sun 14:25:05
summary,Watch,Smartphone,3,1490539738297,15000,Sun 14:48:58
summary,Watch,Smartphone,2264,1490539760890,15000,Sun 14:49:21
summary,Watch,Smartphone,3,1490541564673,15000,Sun 15:19:25
summary,Watch,Smartphone,2808,1490541596784,15000,Sun 15:19:57
summary,Watch,Smartphone,3,1490543216334,15000,Sun 15:46:56
summary,Watch,Smartphone,2695,1490543234534,15000,Sun 15:47:15
summary,Watch,Smartphone,3,1490545370279,15000,Sun 16:22:50
summary,Watch,Smartphone,2727,1490545389446,15000,Sun 16:23:09
summary,Watch,Smartphone,2,1490549878060,15000,Sun 17:37:58
summary,Watch,Smartphone,3310,1490549893080,15000,Sun 17:38:13
summary,Watch,Smartphone,506,1490549908108,15000,Sun 17:38:28
summary,Watch,Smartphone,3,1490552427935,15000,Sun 18:20:28
summary,Watch,Smartphone,2711,1490552445844,15000,Sun 18:20:46
summary,Watch,Smartphone,3,1490554490861,15000,Sun 18:54:51
summary,Watch,Smartphone,2376,1490554505866,15000,Sun 18:55:06
summary,Watch,Smartphone,3,1490555665436,15000,Sun 19:14:25
summary,Watch,Smartphone,2202,1490555705922,15000,Sun 19:15:06
summary,Watch,Smartphone,3,1490557398807,15000,Sun 19:43:19
summary,Watch,Smartphone,2727,1490557426869,15000,Sun 19:43:47
summary,Watch,Smartphone,3,1490559833405,15000,Sun 20:23:53
summary,Watch,Smartphone,2657,1490559848944,15000,Sun 20:24:09
summary,Watch,Smartphone,3,1490562098901,15000,Sun 21:01:39
summary,Watch,Smartphone,4931,1490562166660,15000,Sun 21:02:47
summary,Watch,Smartphone,3,1490563160694,15000,Sun 21:19:21
summary,Watch,Smartphone,2025,1490563190326,15000,Sun 21:19:50
summary,Watch,Smartphone,3,1490565145690,15000,Sun 21:52:26
summary,Watch,Smartphone,2663,1490565172393,15000,Sun 21:52:52
summary,Watch,Smartphone,3,1490567871962,15000,Sun 22:37:52
summary,Watch,Smartphone,2856,1490567898882,15000,Sun 22:38:19
summary,Watch,Smartphone,3,1490570406485,15000,Sun 23:20:06
summary,Watch,Smartphone,2888,1490570436388,15000,Sun 23:20:36
summary,Watch,Smartphone,3,1490571941062,15000,Sun 23:45:41
summary,Watch,Smartphone,2552,1490571963067,15000,Sun 23:46:03
summary,Watch,Smartphone,3,1490573033031,15000,Mon 00:03:53
summary,Watch,Smartphone,2009,1490573055487,15000,Mon 00:04:15
summary,Watch,Smartphone,13,1490618505313,15000,Mon 12:41:45
summary,Watch,Smartphone,26442,1490618520334,15000,Mon 12:42:00
summary,Watch,Smartphone,3,1490620126303,15000,Mon 13:08:46
summary,Watch,Smartphone,2376,1490620141312,15000,Mon 13:09:01
summary,Watch,Smartphone,3,1490621152822,15000,Mon 13:25:53
summary,Watch,Smartphone,1864,1490621167843,15000,Mon 13:26:08
summary,Watch,Smartphone,3,1490622921782,15000,Mon 13:55:22
summary,Watch,Smartphone,2216,1490622936791,15000,Mon 13:55:37
summary,Watch,Smartphone,3,1490624710750,15000,Mon 14:25:11
summary,Watch,Smartphone,2327,1490624725756,15000,Mon 14:25:26
summary,Watch,Smartphone,3,1490627577648,15000,Mon 15:12:58
summary,Watch,Smartphone,3113,1490627592654,15000,Mon 15:13:13
summary,Watch,Smartphone,3,1490630048112,15000,Mon 15:54:08
summary,Watch,Smartphone,2712,1490630063131,15000,Mon 15:54:23
summary,Watch,Smartphone,3,1490631538697,15000,Mon 16:18:59
summary,Watch,Smartphone,2217,1490631553707,15000,Mon 16:19:14
summary,Watch,Smartphone,3,1490633401931,15000,Mon 16:50:02
summary,Watch,Smartphone,2487,1490633416935,15000,Mon 16:50:17
summary,Watch,Smartphone,2,1490636020438,15000,Mon 17:33:40
summary,Watch,Smartphone,3519,1490636037250,15000,Mon 17:33:57
summary,Watch,Smartphone,505,1490636072523,15000,Mon 17:34:33
summary,Watch,Smartphone,3,1490637337425,15000,Mon 17:55:37
summary,Watch,Smartphone,2455,1490637352433,15000,Mon 17:55:52
summary,Watch,Smartphone,3,1490638885861,15000,Mon 18:21:26
summary,Watch,Smartphone,2663,1490638934864,15000,Mon 18:22:15
summary,Watch,Smartphone,3,1490640640587,15000,Mon 18:50:41
summary,Watch,Smartphone,2488,1490640672705,15000,Mon 18:51:13
summary,Watch,Smartphone,3,1490643543158,15000,Mon 19:39:03
summary,Watch,Smartphone,3175,1490643558162,15000,Mon 19:39:18
summary,Watch,Smartphone,2,1490646104571,15000,Mon 20:21:45
summary,Watch,Smartphone,3077,1490646119578,15000,Mon 20:22:00
summary,Watch,Smartphone,3,1490647820946,15000,Mon 20:50:21
summary,Watch,Smartphone,2375,1490647835956,15000,Mon 20:50:36
summary,Watch,Smartphone,3,1490650407682,15000,Mon 21:33:28
summary,Watch,Smartphone,3160,1490650422691,15000,Mon 21:33:43
summary,Watch,Smartphone,3,1490652209723,15000,Mon 22:03:30
summary,Watch,Smartphone,2407,1490652233863,15000,Mon 22:03:54
summary,Watch,Smartphone,2,1490653602866,15000,Mon 22:26:43
summary,Watch,Smartphone,2677,1490653642888,15000,Mon 22:27:23
summary,Watch,Smartphone,2,1490655745106,15000,Mon 23:02:25
summary,Watch,Smartphone,3558,1490655788745,15000,Mon 23:03:09
summary,Watch,Smartphone,3,1490657652502,15000,Mon 23:34:13
summary,Watch,Smartphone,2599,1490657667938,15000,Mon 23:34:28
summary,Watch,Smartphone,3,1490659082000,15000,Mon 23:58:02
summary,Watch,Smartphone,2089,1490659097009,15000,Mon 23:58:17
summary,Watch,Smartphone,3,1490661205012,15000,Tue 00:33:25
summary,Watch,Smartphone,2712,1490661220015,15000,Tue 00:33:40
summary,Watch,Smartphone,3,1490662739961,15000,Tue 00:59:00
summary,Watch,Smartphone,2345,1490662754973,15000,Tue 00:59:15
summary,Watch,Smartphone,3,1490664533653,15000,Tue 01:28:54
summary,Watch,Smartphone,2263,1490664548662,15000,Tue 01:29:09
summary,Watch,Smartphone,3,1490666801690,15000,Tue 02:06:42
summary,Watch,Smartphone,2455,1490666816698,15000,Tue 02:06:57
summary,Watch,Smartphone,3,1490667799657,15000,Tue 02:23:20
summary,Watch,Smartphone,1944,1490667814661,15000,Tue 02:23:35
summary,Watch,Smartphone,3,1490670610254,15000,Tue 03:10:10
summary,Watch,Smartphone,3209,1490670625262,15000,Tue 03:10:25
summary,Watch,Smartphone,3,1490671848143,15000,Tue 03:30:48
summary,Watch,Smartphone,1961,1490671863151,15000,Tue 03:31:03
summary,Watch,Smartphone,3,1490673252220,15000,Tue 03:54:12
summary,Watch,Smartphone,2167,1490673267230,15000,Tue 03:54:27
summary,Watch,Smartphone,3,1490675571830,15000,Tue 04:32:52
summary,Watch,Smartphone,2457,1490675586841,15000,Tue 04:33:07
summary,Watch,Smartphone,3,1490677822115,15000,Tue 05:10:22
summary,Watch,Smartphone,2424,1490677837126,15000,Tue 05:10:37
summary,Watch,Smartphone,3,1490680553541,15000,Tue 05:55:54
summary,Watch,Smartphone,2695,1490680568551,15000,Tue 05:56:09
summary,Watch,Smartphone,3,1490682688949,15000,Tue 06:31:29
summary,Watch,Smartphone,2439,1490682703954,15000,Tue 06:31:44
summary,Watch,Smartphone,3,1490684056104,15000,Tue 06:54:16
summary,Watch,Smartphone,2023,1490684071112,15000,Tue 06:54:31
summary,Watch,Smartphone,3,1490686773112,15000,Tue 07:39:33
summary,Watch,Smartphone,3115,1490686788115,15000,Tue 07:39:48
summary,Watch,Smartphone,12,1490686803334,15000,Tue 07:40:03
summary,Watch,Smartphone,3,1490689245738,15000,Tue 08:20:46
summary,Watch,Smartphone,2695,1490689260774,15000,Tue 08:21:01
summary,Watch,Smartphone,3,1490690514169,15000,Tue 08:41:54
summary,Watch,Smartphone,3304,1490690529173,15000,Tue 08:42:09
summary,Watch,Smartphone,3,1490692687674,15000,Tue 09:18:08
summary,Watch,Smartphone,7017,1490692706718,15000,Tue 09:18:27
summary,Watch,Smartphone,3,1490694862300,15000,Tue 09:54:22
summary,Watch,Smartphone,8845,1490694877306,15000,Tue 09:54:37
summary,Watch,Smartphone,12,1490694892329,15000,Tue 09:54:52
summary,Watch,Smartphone,3,1490695878608,15000,Tue 10:11:19
summary,Watch,Smartphone,5681,1490695893618,15000,Tue 10:11:34
summary,Watch,Smartphone,520,1490695908626,15000,Tue 10:11:49
summary,Watch,Smartphone,3,1490697392862,15000,Tue 10:36:33
summary,Watch,Smartphone,7104,1490697407873,15000,Tue 10:36:48
summary,Watch,Smartphone,521,1490697422876,15000,Tue 10:37:03
summary,Watch,Smartphone,3,1490698729977,15000,Tue 10:58:50
summary,Watch,Smartphone,6529,1490698744984,15000,Tue 10:59:05
summary,Watch,Smartphone,1273,1490698759993,15000,Tue 10:59:20
summary,Watch,Smartphone,3,1490700367763,15000,Tue 11:26:08
summary,Watch,Smartphone,6944,1490700383299,15000,Tue 11:26:23
summary,Watch,Smartphone,521,1490700399291,15000,Tue 11:26:39
summary,Watch,Smartphone,3,1490702358959,15000,Tue 11:59:19
summary,Watch,Smartphone,4714,1490702373964,15000,Tue 11:59:34
summary,Watch,Smartphone,3,1490703697580,15000,Tue 12:21:38
summary,Watch,Smartphone,2842,1490703712593,15000,Tue 12:21:53
summary,Watch,Smartphone,3,1490706363689,15000,Tue 13:06:04
summary,Watch,Smartphone,3527,1490706401930,15000,Tue 13:06:42
summary,Watch,Smartphone,3,1490708269594,15000,Tue 13:37:50
summary,Watch,Smartphone,2380,1490708287685,15000,Tue 13:38:08
summary,Watch,Smartphone,363,1490708349939,15000,Tue 13:39:10
summary,Watch,Smartphone,3,1490710529692,15000,Tue 14:15:30
summary,Watch,Smartphone,3032,1490710565918,15000,Tue 14:16:06
summary,Watch,Smartphone,3,1490713298025,15000,Tue 15:01:38
summary,Watch,Smartphone,3201,1490713313028,15000,Tue 15:01:53
summary,Watch,Smartphone,3,1490714318398,15000,Tue 15:18:38
summary,Watch,Smartphone,4450,1490714344476,15000,Tue 15:19:04
summary,Watch,Smartphone,3,1490716773610,15000,Tue 15:59:34
summary,Watch,Smartphone,3032,1490716788954,15000,Tue 15:59:49